40;;;;;;;;;;
0,0;9.1586;;;;;;;;;
1,0;9.1443;;;;;;;;;
2,0;9.1274;;;;;;;;;
3,0;9.1114;;;;;;;;;
4,0;9.0938;;;;;;;;;
5,0;9.0769;;;;;;;;;
6,0;9.0594;;;;;;;;;
6.999;9.0434;;;;;;;;;
8,0;9.0248;;;;;;;;;
8.999;9.0074;;;;;;;;;
10,0;2923980,000;;;;;;;;;
10.999;2858602,000;;;;;;;;;
12,0;2793589,000;;;;;;;;;
12.999;8.938;;;;;;;;;
13.999;2671598,000;;;;;;;;;
15,0;8.903;;;;;;;;;
16,0;8.887;;;;;;;;;
17,0;2482037,000;;;;;;;;;
18,0;2415563,000;;;;;;;;;
19,0;2352741,000;;;;;;;;;
20,0;2289189,000;;;;;;;;;
21,0;2223811,000;;;;;;;;;
22,0;2161354,000;;;;;;;;;
22.999;2097802,000;;;;;;;;;
23.999;2032789,000;;;;;;;;;
24.999;1971794,000;;;;;;;;;
26,0;1904588,000;;;;;;;;;
27,0;1842132,000;;;;;;;;;
28,0;1780406,000;;;;;;;;;
28.999;24320,000;;;;;;;;;
30,0;1654033,000;;;;;;;;;
31,0;1591941,000;;;;;;;;;
31.999;1528024,000;;;;;;;;;
33,0;1465567,000;;;;;;;;;
34,0;1403476,000;;;;;;;;;
35,0;1338463,000;;;;;;;;;
36,0;1280389,000;;;;;;;;;
37,0;1215011,000;;;;;;;;;
38,0;8.506;;;;;;;;;
39,0;18111,000;;;;;;;;;
40,0;1036042,000;;;;;;;;;
41,0;977238,000;;;;;;;;;
41.999;914051,000;;;;;;;;;
43,0;856708,000;;;;;;;;;
43.999;794252,000;;;;;;;;;
44.999;736543,000;;;;;;;;;
46,0;676278,000;;;;;;;;;
46.999;615648,000;;;;;;;;;
48,0;556844,000;;;;;;;;;
49,0;499501,000;;;;;;;;;
50,0;440331,000;;;;;;;;;
51,0;384084,000;;;;;;;;;
52,0;327472,000;;;;;;;;;
52.999;8.263;;;;;;;;;
54,0;209864,000;;;;;;;;;
54.999;151059,000;;;;;;;;;
56,0;8.214;;;;;;;;;
56.999;29799,000;;;;;;;;;
57.999;8.183;;;;;;;;;
59,0;8.1665;;;;;;;;;
59.999;8.1503;;;;;;;;;
61,0;8.1335;;;;;;;;;
62,0;8.1174;;;;;;;;;
63,0;8.1018;;;;;;;;;
64,0;8.0853;;;;;;;;;
65,0;8.0701;;;;;;;;;
65.999;8.0544;;;;;;;;;
67,0;8.038;;;;;;;;;
68,0;8.0227;;;;;;;;;
69,0;8.0064;;;;;;;;;
69.999;2924314,000;;;;;;;;;
70.999;2868433,000;;;;;;;;;
72,0;2811455,000;;;;;;;;;
72.999;2755938,000;;;;;;;;;
73.999;2698230,000;;;;;;;;;
74.999;2641251,000;;;;;;;;;
76,0;2580987,000;;;;;;;;;
76.999;2526931,000;;;;;;;;;
77.999;2467762,000;;;;;;;;;
79,0;2411879,000;;;;;;;;;
80,0;2357458,000;;;;;;;;;
80.999;2300846,000;;;;;;;;;
82,0;2244964,000;;;;;;;;;
82.999;2188717,000;;;;;;;;;
83.999;2132469,000;;;;;;;;;
85,0;2079874,000;;;;;;;;;
85.999;2026183,000;;;;;;;;;
86.999;1969572,000;;;;;;;;;
88,0;1916610,000;;;;;;;;;
89,0;7.699;;;;;;;;;
90,0;1807038,000;;;;;;;;;
90.999;24654,000;;;;;;;;;
91.999;1696370,000;;;;;;;;;
93,0;1645236,000;;;;;;;;;
93.999;1591180,000;;;;;;;;;
95,0;1537489,000;;;;;;;;;
95.999;1481607,000;;;;;;;;;
97,0;1429377,000;;;;;;;;;
97.999;1376052,000;;;;;;;;;
99,0;7.553;;;;;;;;;
99.999;1270862,000;;;;;;;;;
101,0;1217537,000;;;;;;;;;
102,0;1167864,000;;;;;;;;;
103,0;1112712,000;;;;;;;;;
104,0;1060848,000;;;;;;;;;
105,0;1007157,000;;;;;;;;;
106,0;954927,000;;;;;;;;;
107,0;901967,000;;;;;;;;;
107.999;848641,000;;;;;;;;;
108.999;797874,000;;;;;;;;;
110,0;743086,000;;;;;;;;;
111,0;691953,000;;;;;;;;;
112,0;636801,000;;;;;;;;;
112.999;584936,000;;;;;;;;;
113.999;535629,000;;;;;;;;;
115,0;483034,000;;;;;;;;;
115.999;430804,000;;;;;;;;;
117,0;376018,000;;;;;;;;;
117.999;7.279;;;;;;;;;
119,0;272289,000;;;;;;;;;
119.999;220059,000;;;;;;;;;
120.999;167099,000;;;;;;;;;
122,0;116695,000;;;;;;;;;
123,0;7.208;;;;;;;;;
123.999;11871,000;;;;;;;;;
125,0;7.1801;;;;;;;;;
126,0;7.1648;;;;;;;;;
126.999;7.1514;;;;;;;;;
128,0;7.1372;;;;;;;;;
128.999;7.1233;;;;;;;;;
130,0;7.1102;;;;;;;;;
130.999;7.0957;;;;;;;;;
132,0;7.082;;;;;;;;;
133,0;7.0686;;;;;;;;;
133.999;7.055;;;;;;;;;
135,0;7.0418;;;;;;;;;
135.999;7.028;;;;;;;;;
136.999;7.0151;;;;;;;;;
138,0;7.002;;;;;;;;;
139,0;6.989;;;;;;;;;
140,0;2869499,000;;;;;;;;;
140.999;2821287,000;;;;;;;;;
142,0;2772709,000;;;;;;;;;
142.999;2725593,000;;;;;;;;;
144,0;2673363,000;;;;;;;;;
144.999;2624421,000;;;;;;;;;
146,0;2582783,000;;;;;;;;;
146.999;2530919,000;;;;;;;;;
148,0;2484167,000;;;;;;;;;
148.999;2435956,000;;;;;;;;;
150,0;2387744,000;;;;;;;;;
151,0;2338800,000;;;;;;;;;
151.999;2291685,000;;;;;;;;;
152.999;2246030,000;;;;;;;;;
154,0;2199278,000;;;;;;;;;
154.999;2149241,000;;;;;;;;;
155.999;2104316,000;;;;;;;;;
157,0;6.753;;;;;;;;;
157.999;2010448,000;;;;;;;;;
158.999;1962967,000;;;;;;;;;
159.999;1917311,000;;;;;;;;;
160.998;6.702;;;;;;;;;
161.999;1823445,000;;;;;;;;;
162.999;6.677;;;;;;;;;
163.999;1732864,000;;;;;;;;;
164.999;1685382,000;;;;;;;;;
165.999;1639727,000;;;;;;;;;
166.999;6.626;;;;;;;;;
167.999;1544764,000;;;;;;;;;
168.999;1498378,000;;;;;;;;;
169.999;1451627,000;;;;;;;;;
170.999;1403415,000;;;;;;;;;
171.999;1357029,000;;;;;;;;;
172.999;1310644,000;;;;;;;;;
173.999;1265719,000;;;;;;;;;
174.999;1218603,000;;;;;;;;;
175.999;1171485,000;;;;;;;;;
176.999;1122909,000;;;;;;;;;
177.999;1077984,000;;;;;;;;;
178.999;6.473;;;;;;;;;
179.998;6.461;;;;;;;;;
180.999;942114,000;;;;;;;;;
181.999;895728,000;;;;;;;;;
182.999;850072,000;;;;;;;;;
183.999;808800,000;;;;;;;;;
184.999;760588,000;;;;;;;;;
185.999;710550,000;;;;;;;;;
186.999;669278,000;;;;;;;;;
187.999;622527,000;;;;;;;;;
188.999;582715,000;;;;;;;;;
189.998;530486,000;;;;;;;;;
190.999;480447,000;;;;;;;;;
191.999;433696,000;;;;;;;;;
192.999;394250,000;;;;;;;;;
193.999;359918,000;;;;;;;;;
194.999;320836,000;;;;;;;;;
195.999;274450,000;;;;;;;;;
196.999;229891,000;;;;;;;;;
197.999;187888,000;;;;;;;;;
198.999;141137,000;;;;;;;;;
199.998;103883,000;;;;;;;;;
200.999;59323,000;;;;;;;;;
201.999;6.195;;;;;;;;;
202.999;6.1823;;;;;;;;;
203.999;6.1714;;;;;;;;;
204.999;6.1597;;;;;;;;;
205.999;6.1475;;;;;;;;;
206.999;6.1364;;;;;;;;;
207.999;6.1245;;;;;;;;;
208.999;6.1137;;;;;;;;;
209.999;6.1012;;;;;;;;;
210.999;6.0902;;;;;;;;;
211.999;6.0798;;;;;;;;;
212.999;6.067;;;;;;;;;
213.999;6.0557;;;;;;;;;
214.999;6.0439;;;;;;;;;
215.999;6.0337;;;;;;;;;
216.999;6.0218;;;;;;;;;
217.999;6.0101;;;;;;;;;
218.999;2955665,000;;;;;;;;;
219.999;2914027,000;;;;;;;;;
220.999;2874216,000;;;;;;;;;
221.999;2832213,000;;;;;;;;;
222.999;2790209,000;;;;;;;;;
223.999;2749302,000;;;;;;;;;
224.999;2708395,000;;;;;;;;;
225.999;2664566,000;;;;;;;;;
226.999;2626947,000;;;;;;;;;
227.999;2582752,000;;;;;;;;;
228.999;2545133,000;;;;;;;;;
229.999;5.876;;;;;;;;;
230.999;2462222,000;;;;;;;;;
231.999;2424967,000;;;;;;;;;
232.998;30803,000;;;;;;;;;
233.999;2340596,000;;;;;;;;;
234.999;2299324,000;;;;;;;;;
235.999;2258783,000;;;;;;;;;
236.999;2219336,000;;;;;;;;;
237.999;2178429,000;;;;;;;;;
238.999;2140078,000;;;;;;;;;
239.999;2103554,000;;;;;;;;;
240.999;2060455,000;;;;;;;;;
241.999;2020278,000;;;;;;;;;
242.999;5.732;;;;;;;;;
243.999;1939925,000;;;;;;;;;
244.999;1903766,000;;;;;;;;;
245.999;1862494,000;;;;;;;;;
246.998;1823414,000;;;;;;;;;
247.999;1785428,000;;;;;;;;;
248.999;1749999,000;;;;;;;;;
249.999;1708727,000;;;;;;;;;
250.999;1667820,000;;;;;;;;;
251.999;1627643,000;;;;;;;;;
252.999;1591119,000;;;;;;;;;
253.999;1552038,000;;;;;;;;;
254.999;1516975,000;;;;;;;;;
255.998;1472780,000;;;;;;;;;
256.999;1436621,000;;;;;;;;;
257.999;1398636,000;;;;;;;;;
258.999;1361381,000;;;;;;;;;
259.999;1320473,000;;;;;;;;;
260.999;1280662,000;;;;;;;;;
261.999;1246330,000;;;;;;;;;
262.999;1211632,000;;;;;;;;;
263.999;1169263,000;;;;;;;;;
264.999;1132009,000;;;;;;;;;
265.999;1091468,000;;;;;;;;;
266.999;1054943,000;;;;;;;;;
267.998;1016227,000;;;;;;;;;
268.999;980799,000;;;;;;;;;
269.999;5.447;;;;;;;;;
270.999;905193,000;;;;;;;;;
271.999;863190,000;;;;;;;;;
272.999;828493,000;;;;;;;;;
273.999;793064,000;;;;;;;;;
274.999;753983,000;;;;;;;;;
275.999;717093,000;;;;;;;;;
276.999;681300,000;;;;;;;;;
277.999;640028,000;;;;;;;;;
278.999;606059,000;;;;;;;;;
279.999;570996,000;;;;;;;;;
280.999;531916,000;;;;;;;;;
281.999;495392,000;;;;;;;;;
282.998;463615,000;;;;;;;;;
283.999;422343,000;;;;;;;;;
284.998;383262,000;;;;;;;;;
285.999;350025,000;;;;;;;;;
286.999;313865,000;;;;;;;;;
287.999;280994,000;;;;;;;;;
288.999;246296,000;;;;;;;;;
289.999;209772,000;;;;;;;;;
290.999;173978,000;;;;;;;;;
291.999;139280,000;;;;;;;;;
292.999;103852,000;;;;;;;;;
293.999;70615,000;;;;;;;;;
294.999;5.199;;;;;;;;;
295.999;5.1898;;;;;;;;;
296.999;43221,000;;;;;;;;;
297.999;5.1714;;;;;;;;;
298.999;5.1612;;;;;;;;;
299.999;5.1523;;;;;;;;;
300.999;5.1424;;;;;;;;;
301.998;5.1338;;;;;;;;;
302.999;5.1247;;;;;;;;;
303.999;5.115;;;;;;;;;
304.999;5.1058;;;;;;;;;
305.999;5.0966;;;;;;;;;
306.999;5.0875;;;;;;;;;
307.999;5.078;;;;;;;;;
308.999;5.0679;;;;;;;;;
309.999;5.0584;;;;;;;;;
310.999;5.0496;;;;;;;;;
311.999;5.0401;;;;;;;;;
312.999;5.0296;;;;;;;;;
313.999;5.0218;;;;;;;;;
314.999;5.0125;;;;;;;;;
315.998;5.0019;;;;;;;;;
316.999;2932624,000;;;;;;;;;
317.999;2897926,000;;;;;;;;;
318.999;2860672,000;;;;;;;;;
319.999;4.964;;;;;;;;;
320.999;2796754,000;;;;;;;;;
321.999;2764248,000;;;;;;;;;
322.999;2726628,000;;;;;;;;;
323.999;2697409,000;;;;;;;;;
324.999;4.919;;;;;;;;;
325.999;4.909;;;;;;;;;
326.999;2593679,000;;;;;;;;;
327.999;2560077,000;;;;;;;;;
328.999;2526110,000;;;;;;;;;
329.999;2493968,000;;;;;;;;;
330.999;2460731,000;;;;;;;;;
331.999;2426764,000;;;;;;;;;
332.999;2393527,000;;;;;;;;;
333.999;2360654,000;;;;;;;;;
334.999;2325591,000;;;;;;;;;
335.999;2291259,000;;;;;;;;;
336.999;2260214,000;;;;;;;;;
337.999;2227341,000;;;;;;;;;
338.998;2194469,000;;;;;;;;;
339.999;2160136,000;;;;;;;;;
340.999;2125073,000;;;;;;;;;
341.999;2093663,000;;;;;;;;;
342.999;4.755;;;;;;;;;
343.998;2031206,000;;;;;;;;;
344.999;1999430,000;;;;;;;;;
345.999;4.729;;;;;;;;;
346.999;1933321,000;;;;;;;;;
347.999;1904831,000;;;;;;;;;
348.999;1874517,000;;;;;;;;;
349.999;1839819,000;;;;;;;;;
350.999;1809869,000;;;;;;;;;
351.999;1776997,000;;;;;;;;;
352.998;1747778,000;;;;;;;;;
353.999;1714906,000;;;;;;;;;
354.999;1682399,000;;;;;;;;;
355.999;1652084,000;;;;;;;;;
356.999;1618847,000;;;;;;;;;
357.999;1589628,000;;;;;;;;;
358.999;1558582,000;;;;;;;;;
359.998;1526441,000;;;;;;;;;
360.999;1493204,000;;;;;;;;;
361.999;1462157,000;;;;;;;;;
362.999;1431477,000;;;;;;;;;
363.999;1399702,000;;;;;;;;;
364.999;1367561,000;;;;;;;;;
365.999;1337245,000;;;;;;;;;
366.999;1304739,000;;;;;;;;;
367.999;1274424,000;;;;;;;;;
368.999;1247395,000;;;;;;;;;
;;;;;;;;;;
;;;;;;;;;;
;;;;;;;;;;
;;;;;;;;;;
;;;;;;;;;;
165;;;;;;;;;;
0,000;14.7481;;;;;;;;;
0.998;14.7376;;;;;;;;;
1.998;14.7312;;;;;;;;;
2.998;14.7238;;;;;;;;;
3.998;14.7152;;;;;;;;;
4.998;14.7054;;;;;;;;;
5.999;14.6981;;;;;;;;;
6.999;14.6887;;;;;;;;;
7.998;14.6799;;;;;;;;;
8.999;14.6714;;;;;;;;;
9.998;14.6601;;;;;;;;;
10.998;14.6515;;;;;;;;;
11.998;14.6425;;;;;;;;;
12.999;14.6335;;;;;;;;;
13.998;14.6244;;;;;;;;;
14.998;14.6155;;;;;;;;;
15.999;14.6057;;;;;;;;;
16.998;14.5966;;;;;;;;;
17.998;14.5884;;;;;;;;;
18.998;14.5799;;;;;;;;;
19.998;14.5699;;;;;;;;;
20.998;14.5607;;;;;;;;;
21.999;14.5516;;;;;;;;;
22.999;14.5416;;;;;;;;;
23.998;14.5332;;;;;;;;;
24.998;14.5242;;;;;;;;;
25.998;14.5154;;;;;;;;;
26.999;14.5048;;;;;;;;;
27.999;14.4949;;;;;;;;;
28.998;14.4866;;;;;;;;;
29.998;14.477;;;;;;;;;
30.998;14.4669;;;;;;;;;
31.998;14.4586;;;;;;;;;
32.998;14.4481;;;;;;;;;
33.998;14.4391;;;;;;;;;
34.999;14.431;;;;;;;;;
35.998;14.4218;;;;;;;;;
36.998;14.4121;;;;;;;;;
37.998;14.4031;;;;;;;;;
38.998;14.3936;;;;;;;;;
39.998;14.3841;;;;;;;;;
40.998;14.374;;;;;;;;;
41.999;14.3641;;;;;;;;;
42.999;14.355;;;;;;;;;
43.999;14.3444;;;;;;;;;
44.999;14.3359;;;;;;;;;
45.999;14.3259;;;;;;;;;
46.998;14.3168;;;;;;;;;
47.998;14.3075;;;;;;;;;
48.998;14.3006;;;;;;;;;
49.998;14.2878;;;;;;;;;
50.999;14.2949;;;;;;;;;
51.999;14.2636;;;;;;;;;
52.998;14.2567;;;;;;;;;
53.998;14.2471;;;;;;;;;
54.999;14.2384;;;;;;;;;
55.998;14.2405;;;;;;;;;
56.998;14.22;;;;;;;;;
57.998;14.2117;;;;;;;;;
58.999;14.2024;;;;;;;;;
59.998;14.1946;;;;;;;;;
60.999;14.1847;;;;;;;;;
61.999;14.1761;;;;;;;;;
62.998;14.1673;;;;;;;;;
63.999;14.1582;;;;;;;;;
64.998;14.1504;;;;;;;;;
65.999;14.1417;;;;;;;;;
66.998;14.1331;;;;;;;;;
67.998;14.1242;;;;;;;;;
68.998;14.1154;;;;;;;;;
69.998;14.1072;;;;;;;;;
70.998;14.0977;;;;;;;;;
71.998;14.0887;;;;;;;;;
72.998;14.0799;;;;;;;;;
73.999;14.0706;;;;;;;;;
74.998;14.0631;;;;;;;;;
75.998;14.056;;;;;;;;;
76.999;14.046;;;;;;;;;
77.999;14.0353;;;;;;;;;
78.998;14.0305;;;;;;;;;
79.998;14.0215;;;;;;;;;
80.998;14.0133;;;;;;;;;
81.998;14.0051;;;;;;;;;
82.998;13.9955;;;;;;;;;
83.999;13.9865;;;;;;;;;
84.998;13.9777;;;;;;;;;
85.998;13.9695;;;;;;;;;
86.998;13.9609;;;;;;;;;
87.998;13.9513;;;;;;;;;
88.998;13.9424;;;;;;;;;
89.999;13.9334;;;;;;;;;
90.998;13.9249;;;;;;;;;
91.998;13.9166;;;;;;;;;
92.998;13.907;;;;;;;;;
93.998;13.8988;;;;;;;;;
94.999;13.8897;;;;;;;;;
95.998;13.8812;;;;;;;;;
96.998;13.8721;;;;;;;;;
97.998;13.8632;;;;;;;;;
98.998;13.8544;;;;;;;;;
99.998;13.8461;;;;;;;;;
100.998;13.8371;;;;;;;;;
101.999;13.8284;;;;;;;;;
102.998;13.8204;;;;;;;;;
103.998;13.8123;;;;;;;;;
104.998;13.8023;;;;;;;;;
105.998;13.7949;;;;;;;;;
106.999;13.7842;;;;;;;;;
107.998;13.7772;;;;;;;;;
108.998;13.7692;;;;;;;;;
109.998;13.7608;;;;;;;;;
110.998;13.753;;;;;;;;;
111.998;13.7442;;;;;;;;;
112.999;13.7365;;;;;;;;;
113.998;13.7281;;;;;;;;;
114.998;13.72;;;;;;;;;
115.998;13.7115;;;;;;;;;
116.999;13.7028;;;;;;;;;
117.999;13.6948;;;;;;;;;
118.999;13.6861;;;;;;;;;
119.998;13.6806;;;;;;;;;
120.998;13.6708;;;;;;;;;
121.998;13.6629;;;;;;;;;
122.999;13.6537;;;;;;;;;
123.998;13.6457;;;;;;;;;
124.998;13.6386;;;;;;;;;
125.998;13.63;;;;;;;;;
126.998;13.6211;;;;;;;;;
127.998;13.6145;;;;;;;;;
128.998;13.6053;;;;;;;;;
129.999;13.5968;;;;;;;;;
130.998;13.5901;;;;;;;;;
131.998;13.5808;;;;;;;;;
132.998;13.572;;;;;;;;;
133.999;13.5629;;;;;;;;;
134.999;13.5556;;;;;;;;;
135.998;13.5479;;;;;;;;;
136.998;13.5393;;;;;;;;;
137.999;13.5296;;;;;;;;;
138.999;13.523;;;;;;;;;
139.998;13.5142;;;;;;;;;
140.998;13.5058;;;;;;;;;
141.998;13.498;;;;;;;;;
142.998;13.4894;;;;;;;;;
143.998;13.4819;;;;;;;;;
144.999;13.4736;;;;;;;;;
145.998;13.4651;;;;;;;;;
146.999;13.4578;;;;;;;;;
147.998;13.4496;;;;;;;;;
148.998;13.4415;;;;;;;;;
149.999;13.4338;;;;;;;;;
150.998;13.425;;;;;;;;;
151.998;13.4168;;;;;;;;;
152.999;13.409;;;;;;;;;
153.998;13.4013;;;;;;;;;
154.999;13.3932;;;;;;;;;
155.998;13.386;;;;;;;;;
156.998;13.3778;;;;;;;;;
157.998;13.3692;;;;;;;;;
158.998;13.3622;;;;;;;;;
159.999;13.3545;;;;;;;;;
160.998;13.3474;;;;;;;;;
161.999;13.3388;;;;;;;;;
162.998;13.3311;;;;;;;;;
163.999;13.3237;;;;;;;;;
164.998;13.3156;;;;;;;;;
165.998;13.308;;;;;;;;;
166.998;13.3012;;;;;;;;;
167.998;13.2927;;;;;;;;;
168.998;13.2855;;;;;;;;;
169.998;13.2781;;;;;;;;;
170.998;13.2697;;;;;;;;;
171.999;13.2625;;;;;;;;;
172.998;13.2548;;;;;;;;;
173.998;13.248;;;;;;;;;
174.998;13.2409;;;;;;;;;
175.999;13.2324;;;;;;;;;
176.998;13.2258;;;;;;;;;
177.998;13.2177;;;;;;;;;
178.999;13.2098;;;;;;;;;
179.999;13.2025;;;;;;;;;
180.999;13.1952;;;;;;;;;
181.998;13.187;;;;;;;;;
182.998;13.179;;;;;;;;;
183.998;13.1705;;;;;;;;;
184.999;13.1634;;;;;;;;;
185.999;13.1554;;;;;;;;;
186.998;13.1477;;;;;;;;;
187.998;13.1391;;;;;;;;;
188.999;13.1323;;;;;;;;;
189.999;13.1241;;;;;;;;;
190.998;13.1161;;;;;;;;;
191.998;13.1087;;;;;;;;;
192.999;13.1015;;;;;;;;;
193.998;13.0947;;;;;;;;;
194.998;13.0871;;;;;;;;;
195.999;45517,000;;;;;;;;;
196.998;13.0729;;;;;;;;;
197.998;13.064;;;;;;;;;
198.998;13.0574;;;;;;;;;
199.999;13.0498;;;;;;;;;
200.998;13.0414;;;;;;;;;
201.999;13.0335;;;;;;;;;
202.998;13.0264;;;;;;;;;
203.999;13.0197;;;;;;;;;
204.998;13.0116;;;;;;;;;
205.998;13.0041;;;;;;;;;
206.999;2948208,000;;;;;;;;;
207.998;2922641,000;;;;;;;;;
208.998;2895979,000;;;;;;;;;
209.999;2872604,000;;;;;;;;;
210.998;2836445,000;;;;;;;;;
211.999;2813799,000;;;;;;;;;
212.998;2786040,000;;;;;;;;;
213.998;2759743,000;;;;;;;;;
214.998;12.939;;;;;;;;;
215.999;2707148,000;;;;;;;;;
216.998;2680486,000;;;;;;;;;
217.998;2650170,000;;;;;;;;;
218.999;2622412,000;;;;;;;;;
219.998;2597575,000;;;;;;;;;
220.998;2568722,000;;;;;;;;;
221.999;2542790,000;;;;;;;;;
222.998;2519414,000;;;;;;;;;
223.998;2492020,000;;;;;;;;;
224.999;2467184,000;;;;;;;;;
225.998;2437235,000;;;;;;;;;
226.998;2411302,000;;;;;;;;;
227.998;2383544,000;;;;;;;;;
228.999;2354324,000;;;;;;;;;
229.998;2330949,000;;;;;;;;;
230.998;2302825,000;;;;;;;;;
231.999;2279815,000;;;;;;;;;
232.999;2251692,000;;;;;;;;;
233.998;2227220,000;;;;;;;;;
234.998;2197269,000;;;;;;;;;
235.999;2172068,000;;;;;;;;;
236.999;2147597,000;;;;;;;;;
237.998;2120204,000;;;;;;;;;
238.998;12.763;;;;;;;;;
239.998;2066513,000;;;;;;;;;
240.998;12.749;;;;;;;;;
241.998;2016840,000;;;;;;;;;
242.999;1989812,000;;;;;;;;;
243.999;1962785,000;;;;;;;;;
244.998;1935026,000;;;;;;;;;
245.998;12.713;;;;;;;;;
246.999;12.705;;;;;;;;;
247.998;1855403,000;;;;;;;;;
248.998;1829105,000;;;;;;;;;
249.998;1805730,000;;;;;;;;;
250.999;1778337,000;;;;;;;;;
251.999;1754961,000;;;;;;;;;
252.999;1729029,000;;;;;;;;;
253.998;1703097,000;;;;;;;;;
254.998;1677165,000;;;;;;;;;
255.999;1650137,000;;;;;;;;;
256.998;1623474,000;;;;;;;;;
257.999;1597907,000;;;;;;;;;
258.998;1573435,000;;;;;;;;;
259.998;1548234,000;;;;;;;;;
260.999;12.608;;;;;;;;;
261.998;1499657,000;;;;;;;;;
262.999;1472628,000;;;;;;;;;
263.998;12.586;;;;;;;;;
264.998;1424417,000;;;;;;;;;
265.999;1400311,000;;;;;;;;;
266.998;1375840,000;;;;;;;;;
267.998;1349907,000;;;;;;;;;
268.999;1324340,000;;;;;;;;;
269.998;12.546;;;;;;;;;
270.999;12.539;;;;;;;;;
271.998;1250196,000;;;;;;;;;
272.998;1227917,000;;;;;;;;;
273.999;1204906,000;;;;;;;;;
274.998;12.513;;;;;;;;;
275.999;1156694,000;;;;;;;;;
276.998;1130762,000;;;;;;;;;
277.998;1107752,000;;;;;;;;;
278.999;1075976,000;;;;;;;;;
279.999;1059905,000;;;;;;;;;
280.998;1033607,000;;;;;;;;;
281.999;1009136,000;;;;;;;;;
282.998;984665,000;;;;;;;;;
283.999;955445,000;;;;;;;;;
284.998;937914,000;;;;;;;;;
285.999;912712,000;;;;;;;;;
286.998;887145,000;;;;;;;;;
287.999;861943,000;;;;;;;;;
288.998;12.417;;;;;;;;;
289.998;811540,000;;;;;;;;;
290.999;788530,000;;;;;;;;;
291.998;761502,000;;;;;;;;;
292.998;735569,000;;;;;;;;;
293.999;711098,000;;;;;;;;;
294.998;689549,000;;;;;;;;;
295.999;660329,000;;;;;;;;;
296.998;637320,000;;;;;;;;;
297.998;617231,000;;;;;;;;;
298.999;591663,000;;;;;;;;;
299.998;565366,000;;;;;;;;;
300.999;537608,000;;;;;;;;;
301.999;516424,000;;;;;;;;;
302.999;492318,000;;;;;;;;;
303.998;12.318;;;;;;;;;
304.998;443010,000;;;;;;;;;
305.998;416347,000;;;;;;;;;
306.999;392607,000;;;;;;;;;
307.998;370327,000;;;;;;;;;
308.998;345856,000;;;;;;;;;
309.999;323576,000;;;;;;;;;
310.999;298374,000;;;;;;;;;
311.998;274633,000;;;;;;;;;
312.999;251989,000;;;;;;;;;
313.998;228248,000;;;;;;;;;
314.999;206334,000;;;;;;;;;
315.998;182592,000;;;;;;;;;
316.998;158851,000;;;;;;;;;
317.998;137668,000;;;;;;;;;
318.999;115387,000;;;;;;;;;
319.999;92743,000;;;;;;;;;
320.998;69003,000;;;;;;;;;
321.998;43435,000;;;;;;;;;
322.999;25538,000;;;;;;;;;
323.999;43800,000;;;;;;;;;
324.998;12.1835;;;;;;;;;
325.998;12.1769;;;;;;;;;
326.999;12.1714;;;;;;;;;
327.999;12.1649;;;;;;;;;
328.998;12.1582;;;;;;;;;
329.998;12.1512;;;;;;;;;
330.998;12.1448;;;;;;;;;
331.999;12.1386;;;;;;;;;
332.999;12.132;;;;;;;;;
333.998;12.1254;;;;;;;;;
334.998;12.1194;;;;;;;;;
335.999;12.111;;;;;;;;;
336.999;12.1043;;;;;;;;;
337.999;12.0993;;;;;;;;;
338.998;12.0933;;;;;;;;;
339.998;12.0862;;;;;;;;;
340.999;45516,000;;;;;;;;;
341.998;12.0737;;;;;;;;;
342.998;12.0671;;;;;;;;;
343.999;12.061;;;;;;;;;
344.998;12.0541;;;;;;;;;
345.998;12.0478;;;;;;;;;
346.998;12.0416;;;;;;;;;
347.998;12.0357;;;;;;;;;
348.999;12.0291;;;;;;;;;
349.998;12.0227;;;;;;;;;
350.998;12.0169;;;;;;;;;
351.998;12.0111;;;;;;;;;
352.998;12.0048;;;;;;;;;
353.998;2953657,000;;;;;;;;;
354.999;2934299,000;;;;;;;;;
355.999;2910924,000;;;;;;;;;
356.999;2884992,000;;;;;;;;;
357.999;2864173,000;;;;;;;;;
358.998;2843355,000;;;;;;;;;
359.998;2819248,000;;;;;;;;;
360.998;2799525,000;;;;;;;;;
361.998;2772132,000;;;;;;;;;
362.998;2751313,000;;;;;;;;;
363.998;2727572,000;;;;;;;;;
364.998;2706023,000;;;;;;;;;
365.999;2683378,000;;;;;;;;;
366.998;2660733,000;;;;;;;;;
367.999;2639548,000;;;;;;;;;
368.999;2615808,000;;;;;;;;;
369.998;2594258,000;;;;;;;;;
370.998;2568326,000;;;;;;;;;
371.999;2543856,000;;;;;;;;;
372.999;2526689,000;;;;;;;;;
373.999;2493816,000;;;;;;;;;
374.998;2477381,000;;;;;;;;;
375.998;2451814,000;;;;;;;;;
376.998;2426247,000;;;;;;;;;
377.999;2403237,000;;;;;;;;;
378.998;2383149,000;;;;;;;;;
379.998;2359042,000;;;;;;;;;
380.999;2337128,000;;;;;;;;;
381.998;2313387,000;;;;;;;;;
382.999;2291108,000;;;;;;;;;
383.998;2267732,000;;;;;;;;;
384.999;11.805;;;;;;;;;
385.998;11.799;;;;;;;;;
386.999;11.793;;;;;;;;;
387.998;2176056,000;;;;;;;;;
388.998;28795,000;;;;;;;;;
389.999;11.774;;;;;;;;;
390.998;2113965,000;;;;;;;;;
391.998;2087302,000;;;;;;;;;
392.999;2061735,000;;;;;;;;;
393.998;2044569,000;;;;;;;;;
394.998;2019367,000;;;;;;;;;
395.999;1997087,000;;;;;;;;;
396.998;1975903,000;;;;;;;;;
397.999;1955450,000;;;;;;;;;
398.998;1929882,000;;;;;;;;;
399.998;11.713;;;;;;;;;
400.999;1890802,000;;;;;;;;;
401.999;1869982,000;;;;;;;;;
402.998;11.696;;;;;;;;;
403.998;1827249,000;;;;;;;;;
404.999;11.684;;;;;;;;;
405.998;1787803,000;;;;;;;;;
406.999;1766253,000;;;;;;;;;
407.998;11.667;;;;;;;;;
408.998;1723885,000;;;;;;;;;
409.999;1701606,000;;;;;;;;;
410.998;1680787,000;;;;;;;;;
411.999;1660334,000;;;;;;;;;
412.998;1641706,000;;;;;;;;;
413.998;1620522,000;;;;;;;;;
414.998;11.627;;;;;;;;;
415.999;1575962,000;;;;;;;;;
416.998;1555509,000;;;;;;;;;
417.998;1535786,000;;;;;;;;;
418.998;1513506,000;;;;;;;;;
419.998;1493418,000;;;;;;;;;
420.999;1473694,000;;;;;;;;;
421.998;1448493,000;;;;;;;;;
422.998;11.581;;;;;;;;;
423.999;11.576;;;;;;;;;
424.999;1388958,000;;;;;;;;;
425.998;1368140,000;;;;;;;;;
426.999;1346590,000;;;;;;;;;
427.998;1324675,000;;;;;;;;;
428.998;1302031,000;;;;;;;;;
429.999;11.542;;;;;;;;;
430.998;11.535;;;;;;;;;
431.999;19664,000;;;;;;;;;
432.998;1219851,000;;;;;;;;;
433.998;1199763,000;;;;;;;;;
434.998;1173099,000;;;;;;;;;
435.999;1157029,000;;;;;;;;;
436.998;1132923,000;;;;;;;;;
437.998;11.493;;;;;;;;;
438.998;1087634,000;;;;;;;;;
439.998;1064623,000;;;;;;;;;
440.999;1046361,000;;;;;;;;;
441.999;1025907,000;;;;;;;;;
442.998;999244,000;;;;;;;;;
443.998;977696,000;;;;;;;;;
444.999;11.452;;;;;;;;;
445.999;936423,000;;;;;;;;;
446.998;916335,000;;;;;;;;;
447.998;897342,000;;;;;;;;;
448.998;874332,000;;;;;;;;;
449.998;853513,000;;;;;;;;;
450.999;832329,000;;;;;;;;;
451.998;812971,000;;;;;;;;;
452.998;793979,000;;;;;;;;;
453.999;11.402;;;;;;;;;
454.998;757454,000;;;;;;;;;
455.998;733347,000;;;;;;;;;
456.999;710703,000;;;;;;;;;
457.999;692441,000;;;;;;;;;
458.998;670161,000;;;;;;;;;
459.998;649343,000;;;;;;;;;
460.999;629254,000;;;;;;;;;
461.999;609896,000;;;;;;;;;
462.998;587981,000;;;;;;;;;
463.998;568989,000;;;;;;;;;
464.999;547805,000;;;;;;;;;
465.998;527351,000;;;;;;;;;
466.998;507629,000;;;;;;;;;
467.999;11.323;;;;;;;;;
468.998;467086,000;;;;;;;;;
469.998;446997,000;;;;;;;;;
470.999;426179,000;;;;;;;;;
471.998;406090,000;;;;;;;;;
472.998;385272,000;;;;;;;;;
473.999;363358,000;;;;;;;;;
474.999;344000,000;;;;;;;;;
475.999;320989,000;;;;;;;;;
476.998;303092,000;;;;;;;;;
477.998;283004,000;;;;;;;;;
478.998;263646,000;;;;;;;;;
479.999;240636,000;;;;;;;;;
480.999;220547,000;;;;;;;;;
481.999;203382,000;;;;;;;;;
482.998;182197,000;;;;;;;;;
483.998;159917,000;;;;;;;;;
484.998;141655,000;;;;;;;;;
485.999;117549,000;;;;;;;;;
486.998;98192,000;;;;;;;;;
487.998;79929,000;;;;;;;;;
488.999;57650,000;;;;;;;;;
489.999;38292,000;;;;;;;;;
490.998;11.196;;;;;;;;;
491.998;2497,000;;;;;;;;;
492.999;11.1846;;;;;;;;;
493.999;11.179;;;;;;;;;
494.998;11.1738;;;;;;;;;
495.998;11.168;;;;;;;;;
496.998;11.1623;;;;;;;;;
497.999;11.1569;;;;;;;;;
498.999;11.1514;;;;;;;;;
499.999;11.1457;;;;;;;;;
500.999;11.1394;;;;;;;;;
501.999;11.1343;;;;;;;;;
502.999;11.1299;;;;;;;;;
503.998;11.1236;;;;;;;;;
504.998;11.1187;;;;;;;;;
505.998;11.1129;;;;;;;;;
506.998;11.1067;;;;;;;;;
507.998;11.1013;;;;;;;;;
508.998;11.0956;;;;;;;;;
509.998;11.0895;;;;;;;;;
510.998;11.0847;;;;;;;;;
511.999;11.0784;;;;;;;;;
512.999;11.0725;;;;;;;;;
513.999;11.0668;;;;;;;;;
514.999;11.0612;;;;;;;;;
515.999;11.0563;;;;;;;;;
516.998;11.0506;;;;;;;;;
517.998;11.0459;;;;;;;;;
518.998;11.0394;;;;;;;;;
519.998;11.0337;;;;;;;;;
520.999;11.0277;;;;;;;;;
521.999;11.0236;;;;;;;;;
522.999;11.0178;;;;;;;;;
523.998;11.012;;;;;;;;;
524.998;11.0074;;;;;;;;;
525.998;11.0015;;;;;;;;;
526.998;2945225,000;;;;;;;;;
527.998;36434,000;;;;;;;;;
528.998;2910162,000;;;;;;;;;
529.998;2886056,000;;;;;;;;;
530.999;2868525,000;;;;;;;;;
531.999;2846611,000;;;;;;;;;
532.998;2827983,000;;;;;;;;;
533.999;2809721,000;;;;;;;;;
534.999;10.954;;;;;;;;;
535.998;2771736,000;;;;;;;;;
536.998;2747629,000;;;;;;;;;
537.998;2730098,000;;;;;;;;;
538.998;2710740,000;;;;;;;;;
539.998;2691383,000;;;;;;;;;
540.998;2674946,000;;;;;;;;;
541.999;2653031,000;;;;;;;;;
542.998;2632943,000;;;;;;;;;
543.998;2615777,000;;;;;;;;;
544.998;2596784,000;;;;;;;;;
545.998;2577061,000;;;;;;;;;
546.999;2558799,000;;;;;;;;;
547.998;2540537,000;;;;;;;;;
548.998;2517161,000;;;;;;;;;
549.999;2498899,000;;;;;;;;;
550.998;2482829,000;;;;;;;;;
551.999;2464566,000;;;;;;;;;
552.999;2444479,000;;;;;;;;;
553.998;2422198,000;;;;;;;;;
554.998;2402841,000;;;;;;;;;
555.999;2387135,000;;;;;;;;;
556.999;2366316,000;;;;;;;;;
557.998;2348419,000;;;;;;;;;
558.999;2323583,000;;;;;;;;;
559.998;2307147,000;;;;;;;;;
560.998;2292903,000;;;;;;;;;
561.999;2272814,000;;;;;;;;;
562.998;2251996,000;;;;;;;;;
563.999;2234829,000;;;;;;;;;
564.999;2216567,000;;;;;;;;;
565.998;2194286,000;;;;;;;;;
566.999;2176390,000;;;;;;;;;
567.998;2159954,000;;;;;;;;;
568.998;2139136,000;;;;;;;;;
569.999;2123065,000;;;;;;;;;
570.998;2103707,000;;;;;;;;;
571.998;2083253,000;;;;;;;;;
572.999;2069009,000;;;;;;;;;
573.998;2047459,000;;;;;;;;;
574.998;2027006,000;;;;;;;;;
575.999;27303,000;;;;;;;;;
576.998;1988290,000;;;;;;;;;
577.998;1971490,000;;;;;;;;;
578.998;1951401,000;;;;;;;;;
579.998;1935330,000;;;;;;;;;
580.999;1914511,000;;;;;;;;;
581.998;1895519,000;;;;;;;;;
582.998;1876891,000;;;;;;;;;
583.999;1860091,000;;;;;;;;;
584.998;1840002,000;;;;;;;;;
585.998;1818453,000;;;;;;;;;
586.998;1800556,000;;;;;;;;;
587.998;1778641,000;;;;;;;;;
588.999;1760378,000;;;;;;;;;
589.999;1739195,000;;;;;;;;;
590.998;10.661;;;;;;;;;
591.998;1701575,000;;;;;;;;;
592.999;1684408,000;;;;;;;;;
593.999;1662494,000;;;;;;;;;
594.998;1646058,000;;;;;;;;;
595.998;1627065,000;;;;;;;;;
596.998;1605882,000;;;;;;;;;
597.999;1592367,000;;;;;;;;;
598.998;1575201,000;;;;;;;;;
599.998;1535024,000;;;;;;;;;
600.998;1532834,000;;;;;;;;;
601.998;1518589,000;;;;;;;;;
602.998;1496674,000;;;;;;;;;
603.998;1480603,000;;;;;;;;;
604.997;21824,000;;;;;;;;;
605.997;1443348,000;;;;;;;;;
606.997;1422895,000;;;;;;;;;
607.998;1403902,000;;;;;;;;;
608.998;10.569;;;;;;;;;
609.997;10.565;;;;;;;;;
610.997;1350942,000;;;;;;;;;
611.997;1330123,000;;;;;;;;;
612.998;1310400,000;;;;;;;;;
613.997;1293599,000;;;;;;;;;
614.997;1276433,000;;;;;;;;;
615.997;1257075,000;;;;;;;;;
616.997;1238083,000;;;;;;;;;
617.997;1221281,000;;;;;;;;;
618.998;1200462,000;;;;;;;;;
619.997;1182930,000;;;;;;;;;
620.997;1164669,000;;;;;;;;;
621.997;1145676,000;;;;;;;;;
622.998;1125953,000;;;;;;;;;
623.997;1109152,000;;;;;;;;;
624.997;1090160,000;;;;;;;;;
625.997;1068975,000;;;;;;;;;
626.998;1051808,000;;;;;;;;;
627.998;1035372,000;;;;;;;;;
628.998;1016015,000;;;;;;;;;
629.997;999579,000;;;;;;;;;
630.997;980221,000;;;;;;;;;
631.997;959767,000;;;;;;;;;
632.997;939680,000;;;;;;;;;
633.997;924704,000;;;;;;;;;
634.998;10.437;;;;;;;;;
635.998;885623,000;;;;;;;;;
636.997;867361,000;;;;;;;;;
637.997;847272,000;;;;;;;;;
638.997;828646,000;;;;;;;;;
639.997;812575,000;;;;;;;;;
640.997;793948,000;;;;;;;;;
641.998;771668,000;;;;;;;;;
642.997;10.397;;;;;;;;;
643.997;740987,000;;;;;;;;;
644.998;717612,000;;;;;;;;;
645.997;702636,000;;;;;;;;;
646.997;678896,000;;;;;;;;;
647.997;663190,000;;;;;;;;;
648.997;645294,000;;;;;;;;;
649.997;628127,000;;;;;;;;;
650.998;608404,000;;;;;;;;;
651.998;590141,000;;;;;;;;;
652.998;571880,000;;;;;;;;;
653.997;553617,000;;;;;;;;;
654.997;540104,000;;;;;;;;;
655.997;521111,000;;;;;;;;;
656.997;502850,000;;;;;;;;;
657.997;484587,000;;;;;;;;;
658.997;10.318;;;;;;;;;
659.997;451715,000;;;;;;;;;
660.997;10.308;;;;;;;;;
;;;;;;;;;;
;;;;;;;;;;
;;;;;;;;;;
;;;;;;;;;;
120;;;;;;;;;;
0,000;13.706;;;;;;;;;
1.051;13.694;;;;;;;;;
2.079;13.6767;;;;;;;;;
45507,000;13.6625;;;;;;;;;
4.079;13.6485;;;;;;;;;
5.079;13.6363;;;;;;;;;
45510,000;13.6227;;;;;;;;;
7.079;13.6102;;;;;;;;;
45512,000;13.5975;;;;;;;;;
9.079;13.5857;;;;;;;;;
10.079;13.573;;;;;;;;;
11.079;13.5604;;;;;;;;;
12.079;13.5493;;;;;;;;;
45517,000;13.5377;;;;;;;;;
45518,000;13.5261;;;;;;;;;
15.079;13.5148;;;;;;;;;
45520,000;13.5053;;;;;;;;;
17.079;13.4937;;;;;;;;;
18.079;13.4825;;;;;;;;;
19.079;13.471;;;;;;;;;
20.079;13.46;;;;;;;;;
21.079;13.4501;;;;;;;;;
45526,000;13.4396;;;;;;;;;
23.079;13.4266;;;;;;;;;
45528,000;13.4171;;;;;;;;;
25.079;13.405;;;;;;;;;
45530,000;13.395;;;;;;;;;
45531,000;13.3839;;;;;;;;;
28.079;13.372;;;;;;;;;
29.079;13.3617;;;;;;;;;
45534,000;13.3517;;;;;;;;;
45535,000;13.3399;;;;;;;;;
32.079;13.3285;;;;;;;;;
33.08;13.3179;;;;;;;;;
34.079;13.3072;;;;;;;;;
35.08;13.2967;;;;;;;;;
36.079;13.2861;;;;;;;;;
37.08;13.2754;;;;;;;;;
38.079;13.2649;;;;;;;;;
39.079;13.2532;;;;;;;;;
40.079;13.2439;;;;;;;;;
41.079;13.2327;;;;;;;;;
42.079;13.222;;;;;;;;;
43.08;13.2105;;;;;;;;;
44.079;13.2003;;;;;;;;;
45.079;13.1898;;;;;;;;;
46.079;13.1785;;;;;;;;;
47.079;13.1672;;;;;;;;;
48.079;13.1569;;;;;;;;;
49.079;13.1462;;;;;;;;;
50.08;13.1358;;;;;;;;;
51.08;13.1261;;;;;;;;;
52.079;13.1146;;;;;;;;;
53.079;13.1036;;;;;;;;;
54.08;13.0945;;;;;;;;;
55.079;13.0839;;;;;;;;;
56.079;13.0733;;;;;;;;;
57.079;13.0633;;;;;;;;;
58.079;13.0532;;;;;;;;;
59.079;13.0426;;;;;;;;;
60.08;13.0318;;;;;;;;;
61.079;13.0219;;;;;;;;;
62.08;13.0113;;;;;;;;;
63.08;13.0012;;;;;;;;;
64.08;2922641,000;;;;;;;;;
65.079;12.981;;;;;;;;;
66.08;2848133,000;;;;;;;;;
67.079;2806494,000;;;;;;;;;
68.079;2772162,000;;;;;;;;;
69.08;2734542,000;;;;;;;;;
70.079;2694000,000;;;;;;;;;
71.079;2657110,000;;;;;;;;;
72.079;2617299,000;;;;;;;;;
73.079;2583332,000;;;;;;;;;
74.08;2547538,000;;;;;;;;;
75.079;2508456,000;;;;;;;;;
76.079;2471202,000;;;;;;;;;
77.08;2435408,000;;;;;;;;;
78.08;2397423,000;;;;;;;;;
79.08;2360898,000;;;;;;;;;
80.08;2324374,000;;;;;;;;;
81.079;2286024,000;;;;;;;;;
82.08;2249500,000;;;;;;;;;
83.08;12.796;;;;;;;;;
84.079;2174625,000;;;;;;;;;
85.079;2138831,000;;;;;;;;;
86.079;2102307,000;;;;;;;;;
87.08;2070531,000;;;;;;;;;
88.079;2033641,000;;;;;;;;;
89.079;1999309,000;;;;;;;;;
90.079;1960228,000;;;;;;;;;
91.08;12.717;;;;;;;;;
92.08;1889005,000;;;;;;;;;
93.079;1852481,000;;;;;;;;;
94.08;1817053,000;;;;;;;;;
95.079;1783450,000;;;;;;;;;
96.079;1748022,000;;;;;;;;;
97.079;1713689,000;;;;;;;;;
98.08;1677896,000;;;;;;;;;
99.08;1641006,000;;;;;;;;;
100.079;1609229,000;;;;;;;;;
101.08;1572705,000;;;;;;;;;
102.079;1539468,000;;;;;;;;;
103.08;1501118,000;;;;;;;;;
104.079;1467880,000;;;;;;;;;
105.079;1430626,000;;;;;;;;;
106.079;1398485,000;;;;;;;;;
107.08;1360134,000;;;;;;;;;
108.08;1328358,000;;;;;;;;;
109.079;1290373,000;;;;;;;;;
110.079;1254579,000;;;;;;;;;
111.08;12.523;;;;;;;;;
112.079;1180800,000;;;;;;;;;
113.079;1147928,000;;;;;;;;;
114.08;1113230,000;;;;;;;;;
115.079;1073784,000;;;;;;;;;
116.079;1037259,000;;;;;;;;;
117.079;1000370,000;;;;;;;;;
118.08;963846,000;;;;;;;;;
119.08;12.445;;;;;;;;;
120.079;894450,000;;;;;;;;;
121.079;861943,000;;;;;;;;;
122.079;12.416;;;;;;;;;
123.08;792548,000;;;;;;;;;
124.079;753831,000;;;;;;;;;
125.079;719499,000;;;;;;;;;
126.079;684436,000;;;;;;;;;
127.08;12.368;;;;;;;;;
128.079;616866,000;;;;;;;;;
129.079;583264,000;;;;;;;;;
130.08;545279,000;;;;;;;;;
131.079;12389,000;;;;;;;;;
132.079;477708,000;;;;;;;;;
133.079;441549,000;;;;;;;;;
134.079;411234,000;;;;;;;;;
135.08;373979,000;;;;;;;;;
136.079;340377,000;;;;;;;;;
137.079;12.273;;;;;;;;;
138.079;271711,000;;;;;;;;;
139.079;12.254;;;;;;;;;
140.079;200855,000;;;;;;;;;
141.08;170174,000;;;;;;;;;
142.079;131093,000;;;;;;;;;
143.08;96761,000;;;;;;;;;
144.079;64620,000;;;;;;;;;
145.08;29190,000;;;;;;;;;
146.079;12.1895;;;;;;;;;
147.08;12.1804;;;;;;;;;
148.08;12.1709;;;;;;;;;
149.079;12.1628;;;;;;;;;
150.079;12.1533;;;;;;;;;
151.079;12.1443;;;;;;;;;
152.08;12.1356;;;;;;;;;
153.079;12.1264;;;;;;;;;
154.079;12.1168;;;;;;;;;
155.08;12.108;;;;;;;;;
156.08;12.0996;;;;;;;;;
157.08;12.0894;;;;;;;;;
158.079;12.0813;;;;;;;;;
159.079;12.0717;;;;;;;;;
160.079;12.0636;;;;;;;;;
161.08;12.0538;;;;;;;;;
162.08;12.0453;;;;;;;;;
163.079;12.0369;;;;;;;;;
164.079;12.0281;;;;;;;;;
165.08;12.0187;;;;;;;;;
166.079;12.0103;;;;;;;;;
167.079;12.0019;;;;;;;;;
168.079;2939047,000;;;;;;;;;
169.079;2901062,000;;;;;;;;;
170.079;2867825,000;;;;;;;;;
171.079;2837511,000;;;;;;;;;
172.08;2803908,000;;;;;;;;;
173.08;2774689,000;;;;;;;;;
174.079;34639,000;;;;;;;;;
175.079;11.931;;;;;;;;;
176.079;2672055,000;;;;;;;;;
177.079;2636261,000;;;;;;;;;
178.079;2606311,000;;;;;;;;;
179.079;2575997,000;;;;;;;;;
180.079;11.885;;;;;;;;;
181.079;2506965,000;;;;;;;;;
182.08;2476285,000;;;;;;;;;
183.08;2441588,000;;;;;;;;;
184.079;2408716,000;;;;;;;;;
185.079;2375478,000;;;;;;;;;
186.079;11.831;;;;;;;;;
187.079;2308273,000;;;;;;;;;
188.08;11.813;;;;;;;;;
189.079;2243991,000;;;;;;;;;
190.08;2212945,000;;;;;;;;;
191.08;2178978,000;;;;;;;;;
192.079;2147202,000;;;;;;;;;
193.079;2112870,000;;;;;;;;;
194.079;2083284,000;;;;;;;;;
195.079;2052238,000;;;;;;;;;
196.079;2015714,000;;;;;;;;;
197.079;1984304,000;;;;;;;;;
198.079;11.725;;;;;;;;;
199.08;1923673,000;;;;;;;;;
200.08;1888245,000;;;;;;;;;
201.079;1855373,000;;;;;;;;;
202.08;1826884,000;;;;;;;;;
203.079;1790725,000;;;;;;;;;
204.079;1759679,000;;;;;;;;;
205.079;1726077,000;;;;;;;;;
206.079;1696493,000;;;;;;;;;
207.079;1665447,000;;;;;;;;;
208.08;1633671,000;;;;;;;;;
209.079;11.629;;;;;;;;;
210.079;11.621;;;;;;;;;
211.079;11.612;;;;;;;;;
212.079;1512045,000;;;;;;;;;
213.079;1479903,000;;;;;;;;;
214.08;11.587;;;;;;;;;
215.08;11.578;;;;;;;;;
216.079;1387498,000;;;;;;;;;
217.079;1357913,000;;;;;;;;;
218.08;1325771,000;;;;;;;;;
219.079;1295821,000;;;;;;;;;
220.079;1264776,000;;;;;;;;;
221.079;11.527;;;;;;;;;
222.079;1199763,000;;;;;;;;;
223.08;18933,000;;;;;;;;;
224.08;1139497,000;;;;;;;;;
225.079;1109183,000;;;;;;;;;
226.08;1080694,000;;;;;;;;;
227.079;1048187,000;;;;;;;;;
228.079;1016411,000;;;;;;;;;
229.079;988287,000;;;;;;;;;
230.079;11.452;;;;;;;;;
231.08;926196,000;;;;;;;;;
232.079;896246,000;;;;;;;;;
233.079;866662,000;;;;;;;;;
234.08;835251,000;;;;;;;;;
235.079;11.411;;;;;;;;;
236.079;778638,000;;;;;;;;;
237.079;744305,000;;;;;;;;;
238.08;715451,000;;;;;;;;;
239.079;11.377;;;;;;;;;
240.08;652995,000;;;;;;;;;
241.08;623045,000;;;;;;;;;
242.079;595286,000;;;;;;;;;
243.08;563510,000;;;;;;;;;
244.08;533195,000;;;;;;;;;
245.079;506898,000;;;;;;;;;
246.079;474756,000;;;;;;;;;
247.079;11.311;;;;;;;;;
248.08;414491,000;;;;;;;;;
249.079;388194,000;;;;;;;;;
250.079;11.288;;;;;;;;;
251.079;47058,000;;;;;;;;;
252.08;11.272;;;;;;;;;
253.08;268394,000;;;;;;;;;
254.079;241001,000;;;;;;;;;
255.08;212513,000;;;;;;;;;
256.08;182197,000;;;;;;;;;
257.079;155899,000;;;;;;;;;
258.079;125950,000;;;;;;;;;
259.079;96000,000;;;;;;;;;
260.079;67512,000;;;;;;;;;
261.079;39387,000;;;;;;;;;
262.08;9437,000;;;;;;;;;
263.079;11.1849;;;;;;;;;
264.08;11.1766;;;;;;;;;
265.079;11.1684;;;;;;;;;
266.079;11.1599;;;;;;;;;
267.08;11.1526;;;;;;;;;
268.079;11.1446;;;;;;;;;
269.08;11.1368;;;;;;;;;
270.08;11.1279;;;;;;;;;
271.079;11.1205;;;;;;;;;
272.079;11.1119;;;;;;;;;
273.079;11.1039;;;;;;;;;
274.079;11.0964;;;;;;;;;
275.08;11.0879;;;;;;;;;
276.08;11.0796;;;;;;;;;
277.079;11.0713;;;;;;;;;
278.08;11.064;;;;;;;;;
279.079;11.056;;;;;;;;;
280.079;11.0474;;;;;;;;;
281.079;11.0393;;;;;;;;;
282.079;11.0315;;;;;;;;;
283.08;11.0242;;;;;;;;;
284.079;11.0149;;;;;;;;;
285.08;11.0073;;;;;;;;;
286.079;2954357,000;;;;;;;;;
287.079;2925502,000;;;;;;;;;
288.08;2895918,000;;;;;;;;;
289.08;10.975;;;;;;;;;
290.08;2836384,000;;;;;;;;;
291.079;2805703,000;;;;;;;;;
292.079;2775023,000;;;;;;;;;
293.08;2746533,000;;;;;;;;;
294.08;2719141,000;;;;;;;;;
295.079;2688826,000;;;;;;;;;
296.079;2659606,000;;;;;;;;;
297.08;2634404,000;;;;;;;;;
298.08;2602263,000;;;;;;;;;
299.079;2575966,000;;;;;;;;;
300.079;2545651,000;;;;;;;;;
301.079;2518988,000;;;;;;;;;
302.079;2492690,000;;;;;;;;;
303.079;2463836,000;;;;;;;;;
304.079;2434982,000;;;;;;;;;
305.079;2404667,000;;;;;;;;;
306.08;2378735,000;;;;;;;;;
307.08;2353167,000;;;;;;;;;
308.08;2322487,000;;;;;;;;;
309.079;2292903,000;;;;;;;;;
310.079;2269162,000;;;;;;;;;
311.079;2242134,000;;;;;;;;;
312.08;2212184,000;;;;;;;;;
313.079;2186252,000;;;;;;;;;
314.079;2158128,000;;;;;;;;;
315.079;2132561,000;;;;;;;;;
316.08;2101151,000;;;;;;;;;
317.08;2072661,000;;;;;;;;;
318.08;2042712,000;;;;;;;;;
319.08;2017509,000;;;;;;;;;
320.08;10.735;;;;;;;;;
321.08;10.728;;;;;;;;;
322.08;1934234,000;;;;;;;;;
323.079;1905014,000;;;;;;;;;
324.079;1878352,000;;;;;;;;;
325.079;1851325,000;;;;;;;;;
326.08;1823201,000;;;;;;;;;
327.08;1794712,000;;;;;;;;;
328.079;1765492,000;;;;;;;;;
329.08;1741021,000;;;;;;;;;
330.08;1713628,000;;;;;;;;;
331.08;1685504,000;;;;;;;;;
332.08;1658111,000;;;;;;;;;
333.079;1631448,000;;;;;;;;;
334.079;1604421,000;;;;;;;;;
335.079;1576662,000;;;;;;;;;
336.079;1551095,000;;;;;;;;;
337.079;1524798,000;;;;;;;;;
338.079;1500692,000;;;;;;;;;
339.078;1472933,000;;;;;;;;;
340.078;1444444,000;;;;;;;;;
341.078;1418147,000;;;;;;;;;
342.079;1391119,000;;;;;;;;;
343.078;1362995,000;;;;;;;;;
344.078;1338158,000;;;;;;;;;
345.078;10.549;;;;;;;;;
346.079;1284833,000;;;;;;;;;
347.079;1256344,000;;;;;;;;;
348.079;1230778,000;;;;;;;;;
349.078;1204115,000;;;;;;;;;
350.078;1175625,000;;;;;;;;;
351.079;1148232,000;;;;;;;;;
352.079;1122301,000;;;;;;;;;
353.078;1097098,000;;;;;;;;;
354.078;1067514,000;;;;;;;;;
355.079;10.475;;;;;;;;;
356.079;1015284,000;;;;;;;;;
357.079;986795,000;;;;;;;;;
358.078;958672,000;;;;;;;;;
359.078;930548,000;;;;;;;;;
360.078;908633,000;;;;;;;;;
361.078;878683,000;;;;;;;;;
362.078;10.424;;;;;;;;;
363.079;826454,000;;;;;;;;;
364.079;800522,000;;;;;;;;;
365.078;775685,000;;;;;;;;;
366.078;744639,000;;;;;;;;;
367.078;721264,000;;;;;;;;;
368.079;693506,000;;;;;;;;;
369.079;665382,000;;;;;;;;;
370.079;640546,000;;;;;;;;;
371.079;613152,000;;;;;;;;;
372.079;585028,000;;;;;;;;;
373.079;556905,000;;;;;;;;;
374.079;529512,000;;;;;;;;;
375.078;501023,000;;;;;;;;;
376.079;477647,000;;;;;;;;;
377.078;450254,000;;;;;;;;;
378.078;423591,000;;;;;;;;;
379.079;399486,000;;;;;;;;;
380.078;10.292;;;;;;;;;
381.078;345430,000;;;;;;;;;
382.078;319497,000;;;;;;;;;
383.078;295391,000;;;;;;;;;
384.078;266537,000;;;;;;;;;
385.078;240605,000;;;;;;;;;
386.078;215039,000;;;;;;;;;
387.078;188010,000;;;;;;;;;
388.078;163904,000;;;;;;;;;
389.079;134685,000;;;;;;;;;
390.078;111674,000;;;;;;;;;
391.078;84646,000;;;;;;;;;
392.079;60541,000;;;;;;;;;
393.078;31321,000;;;;;;;;;
394.078;9406,000;;;;;;;;;
395.078;10.1848;;;;;;;;;
396.078;10.177;;;;;;;;;
397.078;10.1705;;;;;;;;;
398.079;10.1633;;;;;;;;;
399.078;10.156;;;;;;;;;
400.078;10.1476;;;;;;;;;
401.078;10.1418;;;;;;;;;
402.079;10.1353;;;;;;;;;
403.078;10.1275;;;;;;;;;
404.078;10.1204;;;;;;;;;
405.079;10.1146;;;;;;;;;
406.078;10.1061;;;;;;;;;
407.079;10.1001;;;;;;;;;
408.078;10.0921;;;;;;;;;
409.078;10.0848;;;;;;;;;
410.079;10.0784;;;;;;;;;
411.078;10.0718;;;;;;;;;
412.078;10.064;;;;;;;;;
413.078;10.0574;;;;;;;;;
414.079;10.051;;;;;;;;;
415.079;10.0445;;;;;;;;;
416.079;10.0368;;;;;;;;;
417.078;10.0311;;;;;;;;;
418.078;10.0241;;;;;;;;;
419.078;10.0174;;;;;;;;;
420.079;10.0098;;;;;;;;;
421.079;10.0026;;;;;;;;;
422.08;2944465,000;;;;;;;;;
423.079;2920359,000;;;;;;;;;
424.079;2892600,000;;;;;;;;;
425.08;2865573,000;;;;;;;;;
426.08;2838911,000;;;;;;;;;
427.08;2810786,000;;;;;;;;;
428.08;2784488,000;;;;;;;;;
429.08;2761113,000;;;;;;;;;
430.079;2733355,000;;;;;;;;;
431.08;2708518,000;;;;;;;;;
432.079;2683682,000;;;;;;;;;
433.08;2658480,000;;;;;;;;;
434.079;2635104,000;;;;;;;;;
435.08;2608807,000;;;;;;;;;
436.079;2582875,000;;;;;;;;;
437.08;2554752,000;;;;;;;;;
438.079;2528089,000;;;;;;;;;
439.079;2504713,000;;;;;;;;;
440.079;2477685,000;;;;;;;;;
441.08;2455040,000;;;;;;;;;
442.079;2430204,000;;;;;;;;;
443.08;2408290,000;;;;;;;;;
444.08;2382722,000;;;;;;;;;
445.079;2358616,000;;;;;;;;;
446.08;2337067,000;;;;;;;;;
447.079;2312595,000;;;;;;;;;
448.08;9.817;;;;;;;;;
449.08;2265844,000;;;;;;;;;
450.079;2241739,000;;;;;;;;;
451.079;2214710,000;;;;;;;;;
452.079;2194256,000;;;;;;;;;
453.079;2170151,000;;;;;;;;;
454.079;2146411,000;;;;;;;;;
455.08;2123765,000;;;;;;;;;
456.079;2099660,000;;;;;;;;;
457.08;2076284,000;;;;;;;;;
458.08;2054369,000;;;;;;;;;
459.079;2029533,000;;;;;;;;;
460.08;9.739;;;;;;;;;
461.079;1978764,000;;;;;;;;;
462.08;1952467,000;;;;;;;;;
463.08;1926899,000;;;;;;;;;
464.079;1902793,000;;;;;;;;;
465.079;1879418,000;;;;;;;;;
466.08;1850929,000;;;;;;;;;
467.079;1829014,000;;;;;;;;;
468.079;1802352,000;;;;;;;;;
469.079;1776054,000;;;;;;;;;
470.08;1751218,000;;;;;;;;;
471.079;1730034,000;;;;;;;;;
472.08;1701180,000;;;;;;;;;
473.08;1678901,000;;;;;;;;;
474.079;1652237,000;;;;;;;;;
475.08;1626670,000;;;;;;;;;
476.079;1605121,000;;;;;;;;;
477.079;1579554,000;;;;;;;;;
478.08;1554718,000;;;;;;;;;
479.079;1529882,000;;;;;;;;;
480.08;1509428,000;;;;;;;;;
481.079;1483860,000;;;;;;;;;
482.079;1460850,000;;;;;;;;;
483.08;1436013,000;;;;;;;;;
484.079;9.577;;;;;;;;;
485.08;1393280,000;;;;;;;;;
486.079;1365887,000;;;;;;;;;
487.08;1347260,000;;;;;;;;;
488.079;1321692,000;;;;;;;;;
489.079;1296126,000;;;;;;;;;
490.08;1277499,000;;;;;;;;;
491.079;1248644,000;;;;;;;;;
492.08;1227826,000;;;;;;;;;
493.079;1206641,000;;;;;;;;;
494.08;1183265,000;;;;;;;;;
495.08;1159890,000;;;;;;;;;
496.079;9.501;;;;;;;;;
497.08;1114600,000;;;;;;;;;
498.079;1088303,000;;;;;;;;;
499.08;1067484,000;;;;;;;;;
500.079;9.476;;;;;;;;;
501.079;1021098,000;;;;;;;;;
502.08;999183,000;;;;;;;;;
503.08;979826,000;;;;;;;;;
504.079;954259,000;;;;;;;;;
505.079;931979,000;;;;;;;;;
506.079;907873,000;;;;;;;;;
507.08;888149,000;;;;;;;;;
508.08;864044,000;;;;;;;;;
509.08;839938,000;;;;;;;;;
510.08;815467,000;;;;;;;;;
511.08;795014,000;;;;;;;;;
512.079;769446,000;;;;;;;;;
513.079;747896,000;;;;;;;;;
514.08;721965,000;;;;;;;;;
515.08;700780,000;;;;;;;;;
516.079;675214,000;;;;;;;;;
517.079;652569,000;;;;;;;;;
518.08;628097,000;;;;;;;;;
519.08;605087,000;;;;;;;;;
520.079;579520,000;;;;;;;;;
521.079;9.343;;;;;;;;;
522.079;535326,000;;;;;;;;;
523.08;510490,000;;;;;;;;;
524.08;487844,000;;;;;;;;;
525.079;468851,000;;;;;;;;;
526.079;445110,000;;;;;;;;;
527.08;422466,000;;;;;;;;;
528.08;396534,000;;;;;;;;;
529.08;9.293;;;;;;;;;
530.08;353435,000;;;;;;;;;
531.08;334808,000;;;;;;;;;
532.08;310336,000;;;;;;;;;
533.079;286230,000;;;;;;;;;
534.079;265411,000;;;;;;;;;
535.08;240210,000;;;;;;;;;
536.08;217565,000;;;;;;;;;
537.079;195650,000;;;;;;;;;
538.079;174466,000;;;;;;;;;
539.08;154012,000;;;;;;;;;
540.08;129906,000;;;;;;;;;
541.08;110548,000;;;;;;;;;
542.08;89365,000;;;;;;;;;
543.079;9.208;;;;;;;;;
544.079;44440,000;;;;;;;;;
545.08;19603,000;;;;;;;;;
546.08;1706,000;;;;;;;;;
547.079;9.183;;;;;;;;;
548.079;9.1771;;;;;;;;;
549.08;9.1709;;;;;;;;;
550.08;9.1645;;;;;;;;;
551.079;9.1584;;;;;;;;;
552.079;9.1519;;;;;;;;;
553.08;9.145;;;;;;;;;
554.08;9.1388;;;;;;;;;
555.08;9.1323;;;;;;;;;
556.079;9.1261;;;;;;;;;
557.079;9.1204;;;;;;;;;
558.08;9.114;;;;;;;;;
559.08;9.1083;;;;;;;;;
560.079;9.1022;;;;;;;;;
561.079;9.0958;;;;;;;;;
562.079;9.0898;;;;;;;;;
563.079;9.0843;;;;;;;;;
564.08;9.0775;;;;;;;;;
565.08;9.0718;;;;;;;;;
566.079;9.0661;;;;;;;;;
567.079;9.0608;;;;;;;;;
568.08;9.0532;;;;;;;;;
569.08;9.0479;;;;;;;;;
570.079;9.042;;;;;;;;;
571.079;9.0356;;;;;;;;;
572.079;9.0304;;;;;;;;;
573.079;9.0242;;;;;;;;;
574.079;9.0185;;;;;;;;;
575.08;9.0136;;;;;;;;;
576.08;9.0062;;;;;;;;;
577.079;9.0023;;;;;;;;;
;;;;;;;;;;
;;;;;;;;;;
;;;;;;;;;;
80;;;;;;;;;;
0,0;14.203;;;;;;;;;
0.973;14.1909;;;;;;;;;
1.916;14.177;;;;;;;;;
2.915;14.1657;;;;;;;;;
3.915;14.1508;;;;;;;;;
4.915;14.1376;;;;;;;;;
5.915;14.1236;;;;;;;;;
6.916;14.1081;;;;;;;;;
7.916;14.0984;;;;;;;;;
8.915;14.0834;;;;;;;;;
9.915;14.0687;;;;;;;;;
10.916;14.0547;;;;;;;;;
11.916;14.0411;;;;;;;;;
12.916;14.0268;;;;;;;;;
13.916;14.0138;;;;;;;;;
14.915;13.9983;;;;;;;;;
15.916;13.984;;;;;;;;;
16.915;13.9698;;;;;;;;;
17.915;13.955;;;;;;;;;
18.916;13.9408;;;;;;;;;
19.915;13.9261;;;;;;;;;
20.916;13.9129;;;;;;;;;
21.915;13.8984;;;;;;;;;
22.915;13.8838;;;;;;;;;
23.915;13.8694;;;;;;;;;
24.915;13.8552;;;;;;;;;
25.916;13.8404;;;;;;;;;
26.915;13.8263;;;;;;;;;
27.915;13.8113;;;;;;;;;
28.915;13.7972;;;;;;;;;
29.916;13.7824;;;;;;;;;
30.915;13.7676;;;;;;;;;
31.916;13.7528;;;;;;;;;
32.915;13.7379;;;;;;;;;
33.916;13.7242;;;;;;;;;
34.915;13.7104;;;;;;;;;
35.916;13.6959;;;;;;;;;
36.915;13.6818;;;;;;;;;
37.915;13.6678;;;;;;;;;
38.915;13.6535;;;;;;;;;
39.915;13.6393;;;;;;;;;
40.915;13.6252;;;;;;;;;
41.916;13.6105;;;;;;;;;
42.916;13.5967;;;;;;;;;
43.915;13.5823;;;;;;;;;
44.916;13.5679;;;;;;;;;
45.915;13.5542;;;;;;;;;
46.915;13.5395;;;;;;;;;
47.916;13.5239;;;;;;;;;
48.915;13.5103;;;;;;;;;
49.915;13.4955;;;;;;;;;
50.915;13.4817;;;;;;;;;
51.915;13.4683;;;;;;;;;
52.916;13.4537;;;;;;;;;
53.915;13.4402;;;;;;;;;
54.915;13.4261;;;;;;;;;
55.916;13.4114;;;;;;;;;
56.916;13.3976;;;;;;;;;
57.916;13.3844;;;;;;;;;
58.915;13.3711;;;;;;;;;
59.915;13.3575;;;;;;;;;
60.916;13.3442;;;;;;;;;
61.916;13.3303;;;;;;;;;
62.915;13.317;;;;;;;;;
63.915;13.3028;;;;;;;;;
64.916;13.2894;;;;;;;;;
65.915;13.2758;;;;;;;;;
66.916;13.2619;;;;;;;;;
67.915;13.2483;;;;;;;;;
68.916;13.2345;;;;;;;;;
69.915;13.2208;;;;;;;;;
70.916;13.2066;;;;;;;;;
71.916;13.1938;;;;;;;;;
72.916;13.1802;;;;;;;;;
73.915;13.1665;;;;;;;;;
74.915;13.1524;;;;;;;;;
75.915;13.1376;;;;;;;;;
76.916;13.1237;;;;;;;;;
77.915;13.1099;;;;;;;;;
78.915;13.0957;;;;;;;;;
79.916;13.0822;;;;;;;;;
80.916;13.0687;;;;;;;;;
81.915;13.0548;;;;;;;;;
82.915;13.0403;;;;;;;;;
83.915;13.0282;;;;;;;;;
84.916;13.0149;;;;;;;;;
85.916;13.001;;;;;;;;;
86.916;2914241,000;;;;;;;;;
87.915;2863107,000;;;;;;;;;
88.915;2814530,000;;;;;;;;;
89.916;2762300,000;;;;;;;;;
90.916;2711897,000;;;;;;;;;
91.915;2660397,000;;;;;;;;;
92.916;2606707,000;;;;;;;;;
93.916;12.891;;;;;;;;;
94.915;2512109,000;;;;;;;;;
95.915;2462436,000;;;;;;;;;
96.916;2414224,000;;;;;;;;;
97.915;2368934,000;;;;;;;;;
98.915;12.825;;;;;;;;;
99.915;2273240,000;;;;;;;;;
100.916;2223933,000;;;;;;;;;
101.916;2177547,000;;;;;;;;;
102.915;2133718,000;;;;;;;;;
103.915;2085506,000;;;;;;;;;
104.916;2037659,000;;;;;;;;;
105.915;1987621,000;;;;;;;;;
106.915;1942696,000;;;;;;;;;
107.915;1894849,000;;;;;;;;;
108.915;1850655,000;;;;;;;;;
109.916;12.682;;;;;;;;;
110.915;1753865,000;;;;;;;;;
111.916;1705289,000;;;;;;;;;
112.915;1662921,000;;;;;;;;;
113.915;1617995,000;;;;;;;;;
114.915;22981,000;;;;;;;;;
115.916;1521937,000;;;;;;;;;
116.915;1478107,000;;;;;;;;;
117.916;1428799,000;;;;;;;;;
118.915;1379493,000;;;;;;;;;
119.915;1336028,000;;;;;;;;;
120.916;1287451,000;;;;;;;;;
121.915;1235587,000;;;;;;;;;
122.916;1192488,000;;;;;;;;;
123.915;1139527,000;;;;;;;;;
124.916;1094604,000;;;;;;;;;
125.916;1047852,000;;;;;;;;;
126.916;998909,000;;;;;;;;;
127.915;951428,000;;;;;;;;;
128.915;905042,000;;;;;;;;;
129.915;859387,000;;;;;;;;;
130.915;810809,000;;;;;;;;;
131.915;762232,000;;;;;;;;;
132.916;12.386;;;;;;;;;
133.916;670922,000;;;;;;;;;
134.915;623440,000;;;;;;;;;
135.916;12.348;;;;;;;;;
136.915;528842,000;;;;;;;;;
137.916;483187,000;;;;;;;;;
138.915;440818,000;;;;;;;;;
139.916;391511,000;;;;;;;;;
140.915;346587,000;;;;;;;;;
141.915;302757,000;;;;;;;;;
142.916;257832,000;;;;;;;;;
143.915;216195,000;;;;;;;;;
144.915;172731,000;;;;;;;;;
145.915;124884,000;;;;;;;;;
146.916;79959,000;;;;;;;;;
147.915;35034,000;;;;;;;;;
148.916;12.187;;;;;;;;;
149.916;12.1749;;;;;;;;;
150.915;12.1628;;;;;;;;;
151.915;12.1509;;;;;;;;;
152.915;12.1382;;;;;;;;;
153.915;12.1262;;;;;;;;;
154.915;12.1142;;;;;;;;;
155.916;12.1003;;;;;;;;;
156.915;12.0895;;;;;;;;;
157.916;12.0775;;;;;;;;;
158.915;12.0658;;;;;;;;;
159.916;12.0534;;;;;;;;;
160.915;12.0415;;;;;;;;;
161.915;12.0297;;;;;;;;;
162.916;12.0178;;;;;;;;;
163.915;12.0052;;;;;;;;;
164.916;2936125,000;;;;;;;;;
165.915;2887183,000;;;;;;;;;
166.916;2842624,000;;;;;;;;;
167.915;2800986,000;;;;;;;;;
168.916;2755696,000;;;;;;;;;
169.915;2711136,000;;;;;;;;;
170.916;2668768,000;;;;;;;;;
171.915;2622382,000;;;;;;;;;
172.916;2578188,000;;;;;;;;;
173.915;11.883;;;;;;;;;
174.916;11.872;;;;;;;;;
175.916;31717,000;;;;;;;;;
176.916;2404333,000;;;;;;;;;
177.915;11.836;;;;;;;;;
178.915;2316674,000;;;;;;;;;
179.915;2273941,000;;;;;;;;;
180.915;2228651,000;;;;;;;;;
181.915;2181900,000;;;;;;;;;
182.916;2142454,000;;;;;;;;;
183.916;2095338,000;;;;;;;;;
184.915;2052238,000;;;;;;;;;
185.915;2010601,000;;;;;;;;;
186.915;1969329,000;;;;;;;;;
187.916;11.717;;;;;;;;;
188.915;1882766,000;;;;;;;;;
189.915;11.694;;;;;;;;;
190.916;1797665,000;;;;;;;;;
191.916;1753105,000;;;;;;;;;
192.915;11.659;;;;;;;;;
193.916;1670926,000;;;;;;;;;
194.916;1627096,000;;;;;;;;;
195.915;1584363,000;;;;;;;;;
196.915;1543456,000;;;;;;;;;
197.915;1520446,000;;;;;;;;;
198.916;1177117,000;;;;;;;;;
199.916;1541264,000;;;;;;;;;
200.915;1376175,000;;;;;;;;;
201.916;1335998,000;;;;;;;;;
202.915;11.544;;;;;;;;;
203.915;11.532;;;;;;;;;
204.916;1210355,000;;;;;;;;;
205.915;18933,000;;;;;;;;;
206.915;1127445,000;;;;;;;;;
207.915;1085442,000;;;;;;;;;
208.916;1046361,000;;;;;;;;;
209.916;1003262,000;;;;;;;;;
210.915;960529,000;;;;;;;;;
211.915;919622,000;;;;;;;;;
212.915;881271,000;;;;;;;;;
213.915;839634,000;;;;;;;;;
214.916;798727,000;;;;;;;;;
215.915;760376,000;;;;;;;;;
216.916;715816,000;;;;;;;;;
217.915;677831,000;;;;;;;;;
218.916;634733,000;;;;;;;;;
219.915;594190,000;;;;;;;;;
220.915;553648,000;;;;;;;;;
221.916;513107,000;;;;;;;;;
222.915;470373,000;;;;;;;;;
223.915;428736,000;;;;;;;;;
224.915;387098,000;;;;;;;;;
225.915;346922,000;;;;;;;;;
226.915;306379,000;;;;;;;;;
227.916;264011,000;;;;;;;;;
228.915;223835,000;;;;;;;;;
229.916;45597,000;;;;;;;;;
230.915;142021,000;;;;;;;;;
231.915;98557,000;;;;;;;;;
232.916;58380,000;;;;;;;;;
233.915;17838,000;;;;;;;;;
234.916;11.1836;;;;;;;;;
235.915;11.1714;;;;;;;;;
236.916;11.1601;;;;;;;;;
237.915;11.1496;;;;;;;;;
238.916;11.1382;;;;;;;;;
239.915;11.1267;;;;;;;;;
240.916;11.1156;;;;;;;;;
241.915;11.1031;;;;;;;;;
242.916;11.093;;;;;;;;;
243.915;11.0821;;;;;;;;;
244.915;11.0698;;;;;;;;;
245.916;11.0597;;;;;;;;;
246.916;11.0485;;;;;;;;;
247.915;11.0374;;;;;;;;;
248.915;11.0252;;;;;;;;;
249.915;11.0147;;;;;;;;;
250.915;11.0039;;;;;;;;;
251.916;10.993;;;;;;;;;
252.916;2894091,000;;;;;;;;;
253.915;2855376,000;;;;;;;;;
254.915;2818487,000;;;;;;;;;
255.915;2775753,000;;;;;;;;;
256.916;2737403,000;;;;;;;;;
257.916;2695035,000;;;;;;;;;
258.915;2657049,000;;;;;;;;;
259.915;2617968,000;;;;;;;;;
260.916;2577792,000;;;;;;;;;
261.915;2539076,000;;;;;;;;;
262.915;2499995,000;;;;;;;;;
263.915;2462375,000;;;;;;;;;
264.915;10.853;;;;;;;;;
265.916;10.842;;;;;;;;;
266.915;2344036,000;;;;;;;;;
267.915;2304225,000;;;;;;;;;
268.915;2265874,000;;;;;;;;;
269.916;2224967,000;;;;;;;;;
270.915;2186982,000;;;;;;;;;
271.915;2150093,000;;;;;;;;;
272.915;2111743,000;;;;;;;;;
273.916;2071931,000;;;;;;;;;
274.916;2031389,000;;;;;;;;;
275.916;1994865,000;;;;;;;;;
276.916;1956149,000;;;;;;;;;
277.916;1914876,000;;;;;;;;;
278.915;1881639,000;;;;;;;;;
279.915;10.694;;;;;;;;;
280.915;1803843,000;;;;;;;;;
281.915;1767683,000;;;;;;;;;
282.915;1730429,000;;;;;;;;;
283.916;1688791,000;;;;;;;;;
284.916;1652633,000;;;;;;;;;
285.915;1615377,000;;;;;;;;;
286.915;1579949,000;;;;;;;;;
287.914;1541233,000;;;;;;;;;
288.915;1505805,000;;;;;;;;;
289.915;10.592;;;;;;;;;
290.914;1429104,000;;;;;;;;;
291.914;1392580,000;;;;;;;;;
292.914;1356056,000;;;;;;;;;
293.914;1318435,000;;;;;;;;;
294.915;1278989,000;;;;;;;;;
295.915;1244291,000;;;;;;;;;
296.914;1204480,000;;;;;;;;;
297.914;1166495,000;;;;;;;;;
298.915;1129971,000;;;;;;;;;
299.915;1090525,000;;;;;;;;;
300.914;1053635,000;;;;;;;;;
301.915;1016380,000;;;;;;;;;
302.915;978395,000;;;;;;;;;
303.915;940045,000;;;;;;;;;
304.914;905346,000;;;;;;;;;
305.914;869187,000;;;;;;;;;
306.915;832298,000;;;;;;;;;
307.914;795044,000;;;;;;;;;
308.914;760710,000;;;;;;;;;
309.915;720534,000;;;;;;;;;
310.914;689488,000;;;;;;;;;
311.915;651503,000;;;;;;;;;
312.914;614248,000;;;;;;;;;
313.914;10.348;;;;;;;;;
314.915;543391,000;;;;;;;;;
315.914;507598,000;;;;;;;;;
316.914;471073,000;;;;;;;;;
317.915;432723,000;;;;;;;;;
318.914;399486,000;;;;;;;;;
319.915;361136,000;;;;;;;;;
320.914;330820,000;;;;;;;;;
321.915;289182,000;;;;;;;;;
322.914;258136,000;;;;;;;;;
323.915;217230,000;;;;;;;;;
324.914;183262,000;;;;;;;;;
325.914;147102,000;;;;;;;;;
326.915;44835,000;;;;;;;;;
327.914;78802,000;;;;;;;;;
328.914;38991,000;;;;;;;;;
329.914;2101,000;;;;;;;;;
330.914;10.1804;;;;;;;;;
331.914;10.1702;;;;;;;;;
332.914;42644,000;;;;;;;;;
333.914;10.151;;;;;;;;;
334.915;10.1409;;;;;;;;;
335.915;10.1302;;;;;;;;;
336.914;10.1226;;;;;;;;;
337.914;10.1118;;;;;;;;;
338.915;10.1026;;;;;;;;;
339.914;10.0922;;;;;;;;;
340.914;10.0821;;;;;;;;;
341.914;10.0722;;;;;;;;;
342.915;10.0629;;;;;;;;;
343.914;10.0524;;;;;;;;;
344.914;10.0431;;;;;;;;;
345.914;10.0334;;;;;;;;;
346.915;10.0242;;;;;;;;;
347.914;10.0139;;;;;;;;;
348.914;10.0042;;;;;;;;;
349.916;2939717,000;;;;;;;;;
350.915;2907210,000;;;;;;;;;
351.916;2868130,000;;;;;;;;;
352.916;2832701,000;;;;;;;;;
353.916;2799829,000;;;;;;;;;
354.916;2764401,000;;;;;;;;;
355.916;2728242,000;;;;;;;;;
356.916;2695005,000;;;;;;;;;
357.916;2662133,000;;;;;;;;;
358.916;2625243,000;;;;;;;;;
359.916;2592372,000;;;;;;;;;
360.915;2562056,000;;;;;;;;;
361.915;2524802,000;;;;;;;;;
362.916;2491929,000;;;;;;;;;
363.916;2455770,000;;;;;;;;;
364.916;2424360,000;;;;;;;;;
365.915;9.844;;;;;;;;;
366.915;2354963,000;;;;;;;;;
367.915;2323918,000;;;;;;;;;
368.915;2288125,000;;;;;;;;;
369.916;2251235,000;;;;;;;;;
370.915;2219093,000;;;;;;;;;
371.915;2182204,000;;;;;;;;;
372.915;2150063,000;;;;;;;;;
373.915;9.769;;;;;;;;;
374.915;2080667,000;;;;;;;;;
375.915;2042316,000;;;;;;;;;
376.916;2010905,000;;;;;;;;;
377.915;1974381,000;;;;;;;;;
378.916;1940048,000;;;;;;;;;
379.915;1905350,000;;;;;;;;;
380.916;9.702;;;;;;;;;
381.915;1835224,000;;;;;;;;;
382.916;1803448,000;;;;;;;;;
383.915;9.673;;;;;;;;;
384.915;1728938,000;;;;;;;;;
385.916;1692779,000;;;;;;;;;
386.915;1660273,000;;;;;;;;;
387.916;1626305,000;;;;;;;;;
388.915;1590876,000;;;;;;;;;
389.916;1555813,000;;;;;;;;;
390.915;1518924,000;;;;;;;;;
391.916;1487513,000;;;;;;;;;
392.916;1450989,000;;;;;;;;;
393.915;1418482,000;;;;;;;;;
394.916;1383785,000;;;;;;;;;
395.915;1343972,000;;;;;;;;;
396.916;1313292,000;;;;;;;;;
397.915;1279689,000;;;;;;;;;
398.916;9.531;;;;;;;;;
399.915;1210294,000;;;;;;;;;
400.916;9.512;;;;;;;;;
401.916;9.503;;;;;;;;;
402.915;1110948,000;;;;;;;;;
403.916;1078076,000;;;;;;;;;
404.916;1048856,000;;;;;;;;;
405.915;1015985,000;;;;;;;;;
406.916;984574,000;;;;;;;;;
407.915;949511,000;;;;;;;;;
408.916;916274,000;;;;;;;;;
409.916;883401,000;;;;;;;;;
410.915;850895,000;;;;;;;;;
411.915;818023,000;;;;;;;;;
412.916;787343,000;;;;;;;;;
413.915;754106,000;;;;;;;;;
414.915;9.388;;;;;;;;;
415.916;689458,000;;;;;;;;;
416.915;659143,000;;;;;;;;;
417.916;625175,000;;;;;;;;;
418.915;9.352;;;;;;;;;
419.915;563814,000;;;;;;;;;
420.916;527656,000;;;;;;;;;
421.916;496610,000;;;;;;;;;
422.915;465199,000;;;;;;;;;
423.915;431962,000;;;;;;;;;
424.916;400917,000;;;;;;;;;
425.915;370236,000;;;;;;;;;
426.916;336634,000;;;;;;;;;
427.916;302300,000;;;;;;;;;
428.915;269429,000;;;;;;;;;
429.916;237288,000;;;;;;;;;
430.915;212817,000;;;;;;;;;
431.915;173370,000;;;;;;;;;
432.916;137577,000;;;;;;;;;
433.915;102879,000;;;;;;;;;
434.915;68546,000;;;;;;;;;
435.916;37500,000;;;;;;;;;
436.915;1706,000;;;;;;;;;
437.915;9.1818;;;;;;;;;
438.916;9.173;;;;;;;;;
439.915;9.1635;;;;;;;;;
440.915;9.1544;;;;;;;;;
441.916;9.1456;;;;;;;;;
442.916;9.1363;;;;;;;;;
443.915;9.1268;;;;;;;;;
444.916;9.1189;;;;;;;;;
445.916;9.1113;;;;;;;;;
446.915;9.1018;;;;;;;;;
447.915;9.0926;;;;;;;;;
448.916;9.0844;;;;;;;;;
449.916;9.0751;;;;;;;;;
450.915;9.0664;;;;;;;;;
451.916;9.058;;;;;;;;;
452.915;45421,000;;;;;;;;;
453.916;9.0406;;;;;;;;;
454.916;9.0327;;;;;;;;;
455.915;9.025;;;;;;;;;
456.916;9.0159;;;;;;;;;
457.916;9.0081;;;;;;;;;
458.915;2957218,000;;;;;;;;;
459.916;2928363,000;;;;;;;;;
460.916;8.983;;;;;;;;;
461.915;2864811,000;;;;;;;;;
462.915;2835592,000;;;;;;;;;
463.916;8.958;;;;;;;;;
464.916;2773501,000;;;;;;;;;
465.915;2743550,000;;;;;;;;;
466.915;2714331,000;;;;;;;;;
467.915;2682190,000;;;;;;;;;
